WineName,ImageLink,,,
Acrobat Pinot Noir,https://images.vivino.com/thumbs/swi23rH9S-KQQH4NhTP-_Q_pb_300x300.png,,,
Poliziano Vino Nobile Di Montepulciano,https://images.vivino.com/thumbs/3D0GZau2TsusU4keF_a_Jw_pb_300x300.png,,,
Dakota Shy Cabernet Sauvignon,https://images.vivino.com/thumbs/gaP5TPkQQ0i6nxbfADai2w_pb_300x300.png,,,
Paolo Scavino Barolo,https://images.vivino.com/thumbs/PAWGUaZJTBeQ9uhGJibmgQ_pb_300x300.png,,,
Château Rollan De By Médoc,https://images.vivino.com/thumbs/hTmqcSahRkqb7ovLYtzURg_pb_300x300.png,,,
Altesino Brunello Di Montalcino Montosoli,https://images.vivino.com/thumbs/1s4lTvevQnOrP-kMQ80wfw_pb_300x300.png,,,
Elio Grasso Barolo Gavarini Chiniera,https://images.vivino.com/thumbs/o9zZAvCRRk2SbNLo9dd2oA_pb_300x300.png,,,
Louis Jadot Bourgogne Pinot Noir,https://images.vivino.com/thumbs/YtGIp7cLSRSUpucZV4RMuw_pb_300x300.png,,,
Le Macchiole Bolgheri Rosso,https://images.vivino.com/thumbs/FP3_T73MQ0yCOws50-C-CQ_pb_300x300.png,,,
Keplinger Sumō,https://images.vivino.com/thumbs/nE2jhbjXQvmj6mM-UOnP8w_pb_300x300.png,,,
Folonari Chianti,https://images.vivino.com/thumbs/CaQRH6z6RPi7pXIB_aKelQ_pb_300x300.png,,,
Domaine Du Pesquier Gigondas,https://images.vivino.com/thumbs/qb2WKo-NQpW6_SMHarEb9Q_pb_300x300.png,,,
Saxum James Berry Vineyard,https://images.vivino.com/thumbs/Uqm4aOvFS3SCU57dWd5Kyg_pb_300x300.png,,,
St. Clement Cabernet Sauvignon,https://images.vivino.com/thumbs/fA7Z_QY1RgGQABgc84VKxw_pb_300x300.png,,,
Canalicchio Di Sopra Brunello Di Montalcino,https://images.vivino.com/thumbs/SH331eeCRpOsSpjp6sfp1g_pb_300x300.png,,,
Shoofly Shiraz,https://images.vivino.com/thumbs/pMfVO_pvQvqVMFVsXg4lOQ_pb_300x300.png,,,
San Felice Chianti Classico,https://images.vivino.com/thumbs/fLmKhaxsSpywrCPeMQLM5Q_pb_300x300.png,,,
Joseph Phelps Insignia,https://images.vivino.com/thumbs/NOkljUUMT3i35lDjSgR9MQ_pb_300x300.png,,,
COS Cerasuolo Di Vittoria Classico,https://images.vivino.com/thumbs/OB_z6iMASVuu47NxWEwjSw_pb_300x300.png,,,
Shafer Merlot,https://images.vivino.com/thumbs/ElDpjEtgQG2DEg6JODsxew_pb_300x300.png,,,
Bartolo Mascarello Barolo,https://images.vivino.com/thumbs/URbTcezSRve4uf_p_efDaw_pb_300x300.png,,,
Domaine De Beaurenard Châteauneuf-Du-Pape,https://images.vivino.com/thumbs/xTJ34EXHQXmpUua2myv3AQ_pb_300x300.png,,,
Planeta Cerasuolo Di Vittoria,https://images.vivino.com/thumbs/BS2Gd4W5QJ6e3k8HJp_bxQ_pb_300x300.png,,,
Istine Chianti Classico,https://images.vivino.com/thumbs/oqzO69ezQi-4cv_fEtpvww_pb_300x300.png,,,
Massolino Barolo,https://images.vivino.com/thumbs/EkK8FypDRgm7FJ0Ioa8WpQ_pb_300x300.png,,,
Tenuta Delle Terre Nere Etna San Lorenzo Rosso,https://images.vivino.com/thumbs/VbO0rNDwQU6_Yl3ozpc2zw_pb_300x300.png,,,
Château Pontet-Canet Pauillac (Grand Cru Classé),https://images.vivino.com/thumbs/zoXYIDxFQzmf8fFpkNNUJQ_pb_300x300.png,,,
Hewitt Cabernet Sauvignon,https://images.vivino.com/thumbs/6nkHtxGpS3mrUrpElise0A_pb_300x300.png,,,
Ornellaia Bolgheri Superiore,https://images.vivino.com/thumbs/HBfj_z-rRhqpgeVLq6nQew_pb_300x300.png,,,
Cantina Del Pino Barbaresco Ovello,https://images.vivino.com/thumbs/T7sTAXNjQVO16gxP1wxF0g_pb_300x300.png,,,
Alto Moncayo Garnacha,https://images.vivino.com/thumbs/zn3ggvroQZuY1eb46GLKOw_pb_300x300.png,,,
De Trafford Shiraz,https://images.vivino.com/thumbs/qQhJmQyeRASa7bUAwrjLzQ_pb_300x300.png,,,
Château La Mission Haut-Brion Pessac-Léognan (Grand Cru CLaSsé De Graves),https://images.vivino.com/thumbs/quao9u1ERTK2gC6A1bleig_pb_300x300.png,,,
Castello Di Volpaia Chianti Classico,https://images.vivino.com/thumbs/3eyCa0BVRauZOMkUfuP_3g_375x500.jpg,,,
Alta Luna Phases,https://images.vivino.com/thumbs/wRP6ux8rRsusqqBDLq3tIw_pb_300x300.png,,,
Poggio Antico Brunello Di Montalcino,https://images.vivino.com/thumbs/v46C7ou-RCqcVTUTRpy3Yw_pb_300x300.png,,,
Castello Di Gabbiano Chianti Classico,https://images.vivino.com/thumbs/LIIdgFpwSbO8H6yiMOAj7Q_pb_300x300.png,,,
Domaine De Beaurenard Châteauneuf-Du-Pape Boisrenard,https://images.vivino.com/thumbs/76Niq9OARiiy_bP0p4mmBg_pb_300x300.png,,,
Niepoort Douro Vertente Tinto,https://images.vivino.com/thumbs/bIpwAeoXQ9-b5b2oQ5Zm3w_pb_300x300.png,,,
Ghost Block Cabernet Sauvignon,https://images.vivino.com/thumbs/xzaSp1kWQKaoKqo4sBnDtg_pb_300x300.png,,,
Januik Cabernet Sauvignon,https://images.vivino.com/thumbs/LrYaOH56SjaygmJKXfK1sg_pb_300x300.png,,,
Scott Base Pinot Noir,https://images.vivino.com/thumbs/7P-T76g5QZmEyAj5NMDnSw_pb_300x300.png,,,
Hanna Cabernet Sauvignon,https://images.vivino.com/thumbs/YX3qs7bbQ_-vknIFMVYBTA_pb_300x300.png,,,
Luigi Einaudi Dogliani,https://images.vivino.com/thumbs/MDxdHE3LRK-v5AhpqMG9VQ_pb_300x300.png,,,
Albino Rocca Barbaresco Vigneto Brich Ronchi,https://images.vivino.com/thumbs/Mx1XwIhtSye4cwsmm8_crg_pb_300x300.png,,,
Château La Vieille Cure Fronsac,https://images.vivino.com/thumbs/M62AtaOiSC60lo4NYL2Y3g_pb_300x300.png,,,
Banfi Brunello Di Montalcino,https://images.vivino.com/thumbs/bBCi1Im9TzWSPt0K5OElWQ_pb_300x300.png,,,
Chimney Rock Cabernet Sauvignon,https://images.vivino.com/thumbs/x9gLcGMXRTOwjoPHoSldGw_pb_300x300.png,,,
Kanonkop Paul Sauer,https://images.vivino.com/thumbs/rGM7yLTqR4iYyDDwsOFkow_pb_300x300.png,,,
La Massa Toscana,https://images.vivino.com/thumbs/PxX2wpL4SIaUf6QLeEsOlg_pb_300x300.png,,,
Pendulum Cabernet Sauvignon,https://images.vivino.com/thumbs/Ugs3orLjQQ25R4sBdIE9gw_pb_300x300.png,,,
Etude Cabernet Sauvignon,https://images.vivino.com/thumbs/XOvgIubtQWKeDG1N47GE5g_pb_300x300.png,,,
Loveblock Pinot Noir,https://images.vivino.com/thumbs/j1hymx2tTVizFUmfb9Dlfw_pb_300x300.png,,,
Clos Mogador Priorat,https://images.vivino.com/thumbs/7-Edbn7NTT6Rpe-GOrwrdw_pb_300x300.png,,,
Calera Pinot Noir,https://images.vivino.com/thumbs/RdyU8TaBSSedKRx3F3SSLA_pb_300x300.png,,,
Château Lagrézette Chevalier Du Château Lagrézette Cahors,https://images.vivino.com/thumbs/4XumCifvTdyuItDDcQ3zKQ_pb_300x300.png,,,
Matthews Claret,https://images.vivino.com/thumbs/izAQvTZgTWShXLJiUtWjEA_pb_300x300.png,,,
Domaine Charvin Châteauneuf-Du-Pape,https://images.vivino.com/thumbs/cF-9Y9jrSg-fjWyXpfr8ag_pb_300x300.png,,,
Siro Pacenti Brunello Di Montalcino,https://images.vivino.com/thumbs/bnojGPkYQYWXt2GoIuyjGQ_pb_300x300.png,,,
Château Cambon La Pelouse Haut-Médoc,https://images.vivino.com/thumbs/BY4b5OdPQimB8z2GF8GoHw_pb_300x300.png,,,
Fattoria Del Cerro Vino Nobile Di Montepulciano Riserva,https://images.vivino.com/thumbs/NDU_U705The1cn_k9YBZ_Q_pb_300x300.png,,,
PlumpJack Syrah,https://images.vivino.com/thumbs/5ISNrm5NQHC-22-YgPPIkQ_pb_300x300.png,,,
Torbreck The Struie,https://images.vivino.com/thumbs/l9J9686tQI2Vn5PFQR6lKg_pb_300x300.png,,,
Turnbull Cabernet Sauvignon,https://images.vivino.com/thumbs/2fVAYWwGT2a36JLs61fVOQ_pb_300x300.png,,,
Renieri Brunello Di Montalcino Riserva,https://images.vivino.com/thumbs/vMnpsUBHTPGmADkHUO8XxA_pb_300x300.png,,,
Dehlinger Pinot Noir,https://images.vivino.com/thumbs/VaGL9IhsTTWVPE6IdGQVVg_pb_300x300.png,,,
Georges Duboeuf Morgon,https://images.vivino.com/thumbs/C12yg24HTAyWczI8W_ZIZg_pb_300x300.png,,,
Pahlmeyer Merlot,https://images.vivino.com/thumbs/1g7rWrVDRg-1yXZjzom63w_pb_300x300.png,,,
Casanuova Delle Cerbaie Brunello Di Montalcino,https://images.vivino.com/thumbs/DyrFcd2ETtaYCliD5FFhYw_pb_300x300.png,,,
Tenuta Il Poggione Rosso Di Montalcino Leopoldo Franceschi,https://images.vivino.com/thumbs/A16P46DgRwqi8BFyTCSMcg_pb_300x300.png,,,
Poggerino Chianti Classico,https://images.vivino.com/thumbs/kx1Q2x4xS-y_G1Me_CAUtw_pb_300x300.png,,,
Condado De Haza Ribera DeL Duero Reserva,https://images.vivino.com/thumbs/3p0HAW3RSDi3VA8ICC3kMA_pb_300x300.png,,,
Lagier Meredith Syrah,https://images.vivino.com/thumbs/MVLvbWZuR7e5iNhCKGKgtQ_pb_300x300.png,,,
MacDonald Cabernet Sauvignon,https://images.vivino.com/thumbs/m0N8fk9-Q1aA8ufWivDSkg_pb_300x300.png,,,
Peter Michael Les Pavots,https://images.vivino.com/thumbs/MmNRvvj8ROOvBOOyP_Krqg_pb_300x300.png,,,
Querciabella Maremma Toscana Mongrana,https://images.vivino.com/thumbs/PJOHTOquQFOo2VHmXdg-XA_pb_300x300.png,,,
Vigneti Del Vulture Aglianico Del Vulture Piano Del Cerro,https://images.vivino.com/thumbs/rdIlT73STcqesfATPjhkyw_pb_300x300.png,,,
Quinta Do Infantado DoUro Reserva,https://images.vivino.com/thumbs/68zBw-YdTKulJJX9eKRWhA_pb_300x300.png,,,
Poggio Il Castellare Brunello Di Montalcino,https://images.vivino.com/thumbs/QuI0PVOATLGfFhODkv91tA_pb_300x300.png,,,
Château D'Armailhac Pauillac (Grand Cru Classé),https://images.vivino.com/thumbs/Xa4l7CUiTzSBwp025RSaig_pb_300x300.png,,,
Petrolo Toscana Torrione,https://images.vivino.com/thumbs/APqmRLjlQ5mg8spj2LwguA_pb_300x300.png,,,
Mommessin Clos De Tart Grand Cru,https://images.vivino.com/thumbs/zxyNtG5xT8OW071Chi-ldQ_pb_300x300.png,,,
Olivier Ravoire Gigondas,https://images.vivino.com/thumbs/nH0J0ZEqRrKWBuu21AW4JA_375x500.jpg,,,
Château De Beaucastel ChâteauNeuf-Du-Pape,https://images.vivino.com/thumbs/MvUpIVUSRVazthpnz34JLQ_pb_300x300.png,,,
Buehler Cabernet Sauvignon,https://images.vivino.com/thumbs/bB-3lppRTe-b64MZaWc4zw_pb_300x300.png,,,
Lisini Brunello Di Montalcino Ugolaia,https://images.vivino.com/thumbs/sXv_Zi9MRSWRBMqEijAZKw_pb_300x300.png,,,
Bertrand Stehelin Gigondas,https://images.vivino.com/thumbs/hQcbHpoQTgqGVNqI3YxVmA_pb_300x300.png,,,
Tenuta Delle Terre Nere Etna Rosso,https://images.vivino.com/thumbs/KBWsgxMeTB6I3YY_cD6Gng_pb_300x300.png,,,
Jules Taylor Pinot Noir,https://images.vivino.com/thumbs/ZMc3b3qIQ4WoB0-QZmmyWw_pb_300x300.png,,,
Amavi Cabernet Sauvignon,https://images.vivino.com/thumbs/wxphUeF7TOSJRRzexOgrFQ_pb_300x300.png,,,
Rocca Di Frassinello Maremma Toscana Le Sughere Di Frassinello,https://images.vivino.com/thumbs/6GzuI7VLQXyXEMt_z_rONQ_pb_300x300.png,,,
Château Malescasse Haut-Médoc,https://images.vivino.com/thumbs/bj766JGHSz-WtRLOouVshQ_pb_300x300.png,,,
Fanti Brunello Di Montalcino,https://images.vivino.com/thumbs/1Qm4_q5VQSmqzBZ8p_yl2g_pb_300x300.png,,,
Tamarack Firehouse Red,https://images.vivino.com/thumbs/x1a9lc__RciY56U56SwSNg_pb_300x300.png,,,
Château Brane-Cantenac Margaux (Grand Cru Classé),https://images.vivino.com/thumbs/cSHAXbDHTvysN7LNLnssZg_pb_300x300.png,,,
Amisfield Pinot Noir,https://images.vivino.com/thumbs/uVKIE_RUR72XsG3mOlHmXA_pb_300x300.png,,,
Quilceda Creek Cabernet Sauvignon,https://images.vivino.com/thumbs/3VPhQo2BQMWhjtLkfgr9ow_pb_300x300.png,,,
M. Chapoutier Hermitage Monier De La Sizeranne,https://images.vivino.com/thumbs/SM-AeL7bTge2Ux3zkk-3kg_pb_300x300.png,,,
Koehler-Ruprecht Pinot Noir Kabinett Trocken,https://images.vivino.com/thumbs/YWY4wT6yQx2sKj3jUgAFqg_375x500.jpg,,,
Domaine Les Pallières Gigondas Terrasse Du Diable,https://images.vivino.com/thumbs/Gy94UhfoRISXWS0jTt08QA_pb_300x300.png,,,
Bodegas Esmeralda Malbec,https://images.vivino.com/thumbs/4A6MN1f3SRS_tgYHzgdtPw_375x500.jpg,,,
G.D. Vajra Barolo Bricco Delle Viole,https://images.vivino.com/thumbs/osYvDm2MTqi1BPl5uPf3Mw_pb_300x300.png,,,
Château Latour Pauillac De Latour,https://images.vivino.com/thumbs/628--N2ISnyvIm9IayBzrw_pb_300x300.png,,,
Domaine Du Grapillon D'Or Gigondas,https://images.vivino.com/thumbs/otlDONBITUmZghvFZkGbrg_pb_300x300.png,,,
La Valentina Montepulciano D'Abruzzo,https://images.vivino.com/thumbs/E_hp4HTwR0CcYVIV5V-xqg_pb_300x300.png,,,
Domaine Des Lambrays Clos Des Lambrays Grand Cru,https://images.vivino.com/thumbs/NlYKNkylQCieGedFUdh5Dg_pb_300x300.png,,,
Sequoia Grove Cabernet Sauvignon,https://images.vivino.com/thumbs/u78iIpvkQZqJjGMYQxHVvg_pb_300x300.png,,,
Zaca Mesa Syrah,https://images.vivino.com/thumbs/4H5EkVfiRyGWCX_0KVy8LA_pb_300x300.png,,,
Domaine Santa Duc Gigondas Aux Lieux-Dits,https://images.vivino.com/thumbs/ny6sNOWzQOSXIhk0rMeZbg_pb_300x300.png,,,
Domaine Bousquet Malbec,https://images.vivino.com/thumbs/1wFapPiVSN2fD_8qD6JzGw_pb_300x300.png,,,
Azelia Barolo Bricco Fiasco,https://images.vivino.com/thumbs/wBkZsV1VQvG012UI_q0xlg_pb_300x300.png,,,
Paolo Scavino Barolo Carobric,https://images.vivino.com/thumbs/AFEFJTTqT5-Z6vWX2IyyCQ_pb_300x300.png,,,
Avignonesi Vino Nobile Di Montepulciano,https://images.vivino.com/thumbs/KSh00VPYTZqp_S9PKqOj7Q_pb_300x300.png,,,
Greywacke Pinot Noir,https://images.vivino.com/thumbs/JsXSWhpiSVObVPHCJ120Jw_pb_300x300.png,,,
Domaine Marquis D'Angerville Volnay Champans 1er Cru,https://images.vivino.com/thumbs/RZzjBftmT1-L9Jkg_r0KKw_pb_300x300.png,,,
Louis Latour Marsannay Rouge,https://images.vivino.com/thumbs/0kwqFZPxTACRuYIW_qEJLA_pb_300x300.png,,,
Château De La Gardine ChâteauNeuf-Du-Pape,https://images.vivino.com/thumbs/d9Mn2Xe6Q023T0KozcZnmQ_pb_300x300.png,,,
Veramonte Pinot Noir,https://images.vivino.com/thumbs/IMyPlOsCSx66KFBPC-ntuQ_pb_300x300.png,,,
Caparzo Brunello Di Montalcino,https://images.vivino.com/thumbs/14E9LocmQM6GOBykVrIlMw_pb_300x300.png,,,
Mr Francois-L Vuitton Cuvée Privée Du Château Giscours Margaux,https://images.vivino.com/thumbs/Fgx-EZWRQgmmKCLSToKdsQ_375x500.jpg,,,
Mud House Pinot Noir,https://images.vivino.com/thumbs/eRYN776cQmaSzKEJQRcRhA_pb_300x300.png,,,
Big Table Farm Pinot Noir,https://images.vivino.com/thumbs/48z0zZDJQV2qayaQVd9uIg_pb_300x300.png,,,
Tohu Pinot Noir,https://images.vivino.com/thumbs/3FHYHWA_RtaBU9fEHMTzkQ_pb_300x300.png,,,
Justin Justification,https://images.vivino.com/thumbs/svTayCaQQDa9oab5Kb65kQ_pb_300x300.png,,,
Caprili Brunello Di Montalcino,https://images.vivino.com/thumbs/2-KtH-IHRjW9NgeG7_bAmg_pb_300x300.png,,,
Oberon Merlot,https://images.vivino.com/thumbs/sjJL09pATD66jhFTJ6IgvQ_pb_300x300.png,,,
Allende Rioja,https://images.vivino.com/thumbs/gzfPeTuLR-uKyO7X7OTDEw_pb_300x300.png,,,
Caymus Cabernet Sauvignon,https://images.vivino.com/thumbs/hqQ0md6CRhebI2YayYqJqg_pb_300x300.png,,,
Buehler Zinfandel,https://images.vivino.com/thumbs/O66M_hA4RJOi8sdj7CA3fA_pb_300x300.png,,,
Clos La Coutale Cahors,https://images.vivino.com/thumbs/kM44Nl2YTTiaw0SBPjxn7A_pb_300x300.png,,,
Barossa Valley Estate Shiraz,https://images.vivino.com/thumbs/B8kRZndCTHqWm07l7Qu9eQ_pb_300x300.png,,,
Stefano Farina Barolo,https://images.vivino.com/thumbs/LS6TrPAhRyyyZd6GGTGZVw_pb_300x300.png,,,
E. Guigal Châteauneuf-Du-Pape,https://images.vivino.com/thumbs/0nET3qrdRJWh66liEogTSQ_pb_300x300.png,,,
Guenoc Cabernet Sauvignon,https://images.vivino.com/thumbs/Dwh-dA7QS1GDZ4KQh8kSVg_pb_300x300.png,,,
Renato Ratti Barolo Marcenasco,https://images.vivino.com/thumbs/K_w-ieFpSSqxO8EGnQmFug_pb_300x300.png,,,
Oddero Barolo,https://images.vivino.com/thumbs/MIGiAMrvR9OmrwrePWsa7w_pb_300x300.png,,,
Pio Cesare Barolo,https://images.vivino.com/thumbs/LUamFS5JQzuRKgF-xgyD8Q_pb_300x300.png,,,
Giant Steps Pinot Noir,https://images.vivino.com/thumbs/8nMfo6BtQ--MC2rNgog-Hg_pb_300x300.png,,,
Château La Nerthe ChâteauNeuf-Du-Pape,https://images.vivino.com/thumbs/olYy8AhBRTCjWyeyFVAWXA_pb_300x300.png,,,
Château Brown Pessac-Léognan,https://images.vivino.com/thumbs/-gEmoaobRl-jX62aQF-GhQ_pb_300x300.png,,,
Querciabella Chianti Classico,https://images.vivino.com/thumbs/yB0u8M6OR3GjoPXCt-t7Qg_pb_300x300.png,,,
San Giusto A Rentennano Chianti Classico,https://images.vivino.com/thumbs/09EhsDGFRGW8f9hq4G-VNQ_pb_300x300.png,,,
Domaine De La Charbonnière Châteauneuf-Du-Pape,https://images.vivino.com/thumbs/zmYrIL4YTCmlFXhqBCxI6Q_pb_300x300.png,,,
Novelty Hill Cabernet Sauvignon,https://images.vivino.com/thumbs/5LAA2ZRrSxyp5wZegPp83w_pb_300x300.png,,,
Beronia Rioja Reserva,https://images.vivino.com/thumbs/W4zdSD_1Tde4diogCKcatg_pb_300x300.png,,,
Marqués De Cáceres Rioja Reserva,https://images.vivino.com/thumbs/UgDcoJ8tTF6_19_2llAkNQ_pb_300x300.png,,,
Orin Swift Machete,https://images.vivino.com/thumbs/8aKn9RnDT6K6NS3pheY-pg_pb_300x300.png,,,
Château Prieuré-Lichine Margaux (Grand Cru Classé),https://images.vivino.com/thumbs/GsJpF4CYRs6XOy1eJKQVyQ_pb_300x300.png,,,
Turnbull Cabernet Sauvignon,https://images.vivino.com/thumbs/2fVAYWwGT2a36JLs61fVOQ_pb_300x300.png,,,
Le Vieux Donjon Châteauneuf-Du-Pape,https://images.vivino.com/thumbs/pz7tF0MzRxiOS6J9lFj7Gg_pb_300x300.png,,,
Château Lafite Rothschild Pauillac (Premier Grand Cru Classé),https://images.vivino.com/thumbs/uDMfPG10R1efm5H1do--Ow_pb_300x300.png,,,
Château Thivin Brouilly Reverdon,https://images.vivino.com/thumbs/NchoPyVPRieEVYPaoL93LQ_pb_300x300.png,,,
Fratelli Revello Barolo,https://images.vivino.com/thumbs/gTiskLuIQk-zjqftLwmREw_pb_300x300.png,,,
Juan Gil Jumilla Blue Label,https://images.vivino.com/thumbs/FmXe_svsQxK4FRxWnFcOnA_pb_300x300.png,,,
San Felice Campogiovanni Brunello Di Montalcino,https://images.vivino.com/thumbs/JYEuEpBWTDSW6Fwu0W-N6Q_pb_300x300.png,,,
Montecillo Rioja Gran Reserva,https://images.vivino.com/thumbs/uaZDPwUzRN6M4ntbAmYlrw_pb_300x300.png,,,
Zenato Amarone Della Valpolicella Classico,https://images.vivino.com/thumbs/Es37D9nmRfa3BXnce--7BQ_pb_300x300.png,,,
Damilano Barolo Lecinquevigne,https://images.vivino.com/thumbs/gYw_2VF8Q7KxHzNCWciGVQ_pb_300x300.png,,,
Schiavenza Barolo Prapò,https://images.vivino.com/thumbs/pu6h0neSRqmAJQLjY1osZA_pb_300x300.png,,,
Punset Barbaresco,https://images.vivino.com/thumbs/QPGMglunTXOKLh5goTWM8A_pb_300x300.png,,,
Justin Isosceles,https://images.vivino.com/thumbs/TFh4XsEAQ9Obwf7GzNlCcg_pb_300x300.png,,,
Collosorbo Brunello Di Montalcino,https://images.vivino.com/thumbs/Hbd8B3jWQmauZrnoJ372ng_pb_300x300.png,,,
Paul Hobbs Pinot Noir,https://images.vivino.com/thumbs/HW99ehHPSbS8_yI6milUJQ_pb_300x300.png,,,
Château Mont-Redon ChâteauNeuf-Du-Pape,https://images.vivino.com/thumbs/6peP2wMbRSOyo0OeGa_NFw_pb_300x300.png,,,
Bosquet Des Papes Châteauneuf-Du-Pape (Cuvée Tradition),https://images.vivino.com/thumbs/VsZYYzPwRaa-CId23RbwPQ_pb_300x300.png,,,
Viticcio Chianti Classico Riserva,https://images.vivino.com/thumbs/KbE9NhGTR4-Xa-UvXwbGIw_pb_300x300.png,,,
Ciacci Piccolomini D'Aragona Brunello Di Montalcino,https://images.vivino.com/thumbs/H95CYXVqQSefFBsIQUWZaw_pb_300x300.png,,,
Penner-Ash Pinot Noir,https://images.vivino.com/thumbs/asTaWahBSHa8yjGbl11-AA_pb_300x300.png,,,
Dalla Valle Cabernet Sauvignon,https://images.vivino.com/thumbs/hA8Q4HF0SLW_5PD4x-LuOQ_pb_300x300.png,,,
Orin Swift Abstract,https://images.vivino.com/thumbs/JjR4EBrPQvWmiilAR2vJMQ_pb_300x300.png,,,
Limerick Lane Zinfandel,https://images.vivino.com/thumbs/8jS6YA9-Rjqzr2xQCR_7_w_pb_300x300.png,,,
Vincent Girardin Gevrey-Chambertin Vieilles Vignes,https://images.vivino.com/thumbs/ZoI4y7gzSdSJS2350cgPbw_pb_300x300.png,,,
Benanti Etna Rosso,https://images.vivino.com/thumbs/F2ak5jejQaSz2l1QSpWq2g_pb_300x300.png,,,
Travaglini Gattinara,https://images.vivino.com/thumbs/bz1zioR9TFm1GxF2kKsKWg_pb_300x300.png,,,
Barnard Griffin Merlot,https://images.vivino.com/thumbs/DpAiWTYuQ3qq5yfDoj0H0Q_pb_300x300.png,,,
Domaine Les Pallières Gigondas Terrasse Du Diable,https://images.vivino.com/thumbs/Gy94UhfoRISXWS0jTt08QA_pb_300x300.png,,,
Mayacamas Cabernet Sauvignon,https://images.vivino.com/thumbs/RzsCkd4uQdKmTlybW1xTyQ_pb_300x300.png,,,
Groth Cabernet Sauvignon,https://images.vivino.com/thumbs/dQHh3SaLTQWJHhhgqs8BjQ_pb_300x300.png,,,
Roco Pinot Noir,https://images.vivino.com/thumbs/a4V-PWs_S8K8paRCTPoZpA_pb_300x300.png,,,
Château D'Agassac Haut-Médoc,https://images.vivino.com/thumbs/OSiDipDtRg69F-eWp78ONQ_pb_300x300.png,,,
Paul Jaboulet Aîné Crozes-Hermitage Les Jalets,https://images.vivino.com/thumbs/nEhNRoMpROGX5zkPMxoa6w_pb_300x300.png,,,
Castello Di Monsanto Chianti Classico Riserva,https://images.vivino.com/thumbs/EjPM-vVTRiipFI2Axrp7oA_pb_300x300.png,,,
Primus The Blend,https://images.vivino.com/thumbs/QngjAhhNQ5KkuKUPMA6TMg_pb_300x300.png,,,
Continuum Napa Valley Proprietary Red,https://images.vivino.com/thumbs/-641ITLJTSWEer1lbQw_Cg_375x500.jpg,,,
Paul Autard Châteauneuf-Du-Pape,https://images.vivino.com/thumbs/GPrZHIP9TOiG3Ta08Tnp6A_pb_300x300.png,,,
Favia Cabernet Sauvignon,https://images.vivino.com/thumbs/bDTgWNu1SEKTwWsMNQphXQ_pb_300x300.png,,,
Altamura Cabernet Sauvignon,https://images.vivino.com/thumbs/mnn9jrzWTpaD_fkVKRiGTA_pb_300x300.png,,,
Capezzana Carmignano Villa Di Capezzana,https://images.vivino.com/thumbs/gC8mkUIyQGCgwfsZnzeJRw_pb_300x300.png,,,
Novy Syrah,https://images.vivino.com/thumbs/ZAj4EbHeT3GediUQARJ6VQ_pb_300x300.png,,,
Byron Pinot Noir,https://images.vivino.com/thumbs/fdvJP2YISLi80TaLONHL2Q_pb_300x300.png,,,
Leonetti Cabernet Sauvignon,https://images.vivino.com/thumbs/aYkUKTVZQgi-mSmr0GY2RA_pb_300x300.png,,,
La Serena Brunello Di Montalcino,https://images.vivino.com/thumbs/Lg4Ogi62SvKeTf3fLsTBDQ_pb_300x300.png,,,
Saxum James Berry Vineyard,https://images.vivino.com/thumbs/Uqm4aOvFS3SCU57dWd5Kyg_pb_300x300.png,,,
Tenuta Di Trinoro Toscana Le Cupole Rosso,https://images.vivino.com/thumbs/UStqqFvKRzWHjzhsnuBjgw_pb_300x300.png,,,
E. Guigal Hermitage,https://images.vivino.com/thumbs/dGoZDV7TSB2YpcWidGru9Q_pb_300x300.png,,,
Clos Du Mont-Olivet Châteauneuf-Du-Pape,https://images.vivino.com/thumbs/_XnYPZ1bT6eLMLzCdxxzpQ_pb_300x300.png,,,
S. Anderson Cabernet Sauvignon,https://images.vivino.com/thumbs/w2OT3V1CRSqEkAamLvcriA_375x500.jpg,,,
Domaine De Chevalier Pessac-Léognan (Grand Cru Classé De Graves),https://images.vivino.com/thumbs/O4e2DlxNTieRru7u1ymtVw_pb_300x300.png,,,
Ondarre Rioja Reserva,https://images.vivino.com/thumbs/5VTouDUdRuGyT3gmddwHUw_pb_300x300.png,,,
Feudi Del Pisciotto Nero D'Avola,https://images.vivino.com/thumbs/HJGvpvKnROirip6JSh20nA_pb_300x300.png,,,
La Jota Merlot,https://images.vivino.com/thumbs/t-H1JoCLR56xGDTTbreZYg_pb_300x300.png,,,
Stark-Condé Cabernet Sauvignon,https://images.vivino.com/thumbs/-DtLqtA8TYy82dxMyhcV1Q_pb_300x300.png,,,
Casanova Di Neri Brunello Di Montalcino,https://images.vivino.com/thumbs/zbPQDHRrTxC-Immx8YbQwg_pb_300x300.png,,,
Pascal Jolivet Sancerre Rouge,https://images.vivino.com/thumbs/TwYaYRLOQuWMNIoH01J9dg_pb_300x300.png,,,
Saxum Broken Stones,https://images.vivino.com/thumbs/wNq6CTO5TG-pTZdn-CRapw_pb_300x300.png,,,
Rex Hill Pinot Noir,https://images.vivino.com/thumbs/Z46lFgwQSSeVnPlAmFtbVQ_pb_300x300.png,,,
Petrolo Toscana Torrione,https://images.vivino.com/thumbs/APqmRLjlQ5mg8spj2LwguA_pb_300x300.png,,,
Shafer Relentless,https://images.vivino.com/thumbs/wuCJtXFPQXGTIq6ns1hktA_pb_300x300.png,,,
Mocali Brunello Di Montalcino,https://images.vivino.com/thumbs/pCYMWUEtTWOelTuZIJ_dSw_pb_300x300.png,,,
Palacios Remondo Rioja La Vendimia,https://images.vivino.com/thumbs/1XTE8qtoQhy_CwmASkNE8Q_pb_300x300.png,,,
Quinta Do Vale Meão DoUro,https://images.vivino.com/thumbs/jaEjEA-kTFKCeg-nSVSzSg_pb_300x300.png,,,
Innocent Bystander Pinot Noir,https://images.vivino.com/thumbs/85xVHnNZToWH8NdS5v7z0A_pb_300x300.png,,,
Château Malmaison Moulis-En-Médoc,https://images.vivino.com/thumbs/VThEwXMwSs--k_Pa0VI_fw_pb_300x300.png,,,
Brothers In Arms Shiraz,https://images.vivino.com/thumbs/ApiLyzDlRFygHe1wFqejxQ_pb_300x300.png,,,
Château Clerc Milon Pauillac (Grand Cru Classé),https://images.vivino.com/thumbs/EXWfBa0WQJyv7rwSGDh-xQ_pb_300x300.png,,,
Ghost Pines Pinot Noir,https://images.vivino.com/thumbs/lWJVlTwDTBeRGctprDBwPg_pb_300x300.png,,,
Quinta Do Vallado Touriga Nacional,https://images.vivino.com/thumbs/HkeWjwDDQQ2uQZoE2WnOWw_pb_300x300.png,,,
Fonterutoli Chianti Classico,https://images.vivino.com/thumbs/5Ih4wOULS-eNK9QGR7SLLg_pb_300x300.png,,,
Château Plince Pomerol,https://images.vivino.com/thumbs/ZkAayQ6SRiWQNQLzOlsdDw_pb_300x300.png,,,
Lavau Gigondas,https://images.vivino.com/thumbs/0M_TqlcnRKSgeVt18tu90g_pb_300x300.png,,,
Domaine Giraud Châteauneuf-Du-Pape,https://images.vivino.com/thumbs/JGVZLOeDTmak6R1we8_k-w_pb_300x300.png,,,
Baer Ursa,https://images.vivino.com/thumbs/CCZYXmEJQiqAfKbPSY_-Aw_pb_300x300.png,,,
Château Haut-Bages Libéral Pauillac (Grand Cru Classé),https://images.vivino.com/thumbs/JOiOnT_uRpOGso1eE5ikEA_pb_300x300.png,,,
Outpost Zinfandel,https://images.vivino.com/thumbs/KLerW1gJTU6EpHRy2rEBgQ_pb_300x300.png,,,
Gaja Barbaresco,https://images.vivino.com/thumbs/AXnEJS3XSRy34gIYBtoeKg_pb_300x300.png,,,
Château Sociando-Mallet Haut-Médoc,https://images.vivino.com/thumbs/BlR4T429TiKR6WibGL9VxQ_pb_300x300.png,,,
Domaine De La Vieille Julienne Châteauneuf-Du-Pape,https://images.vivino.com/thumbs/Ecs9o9nlSHOOdcJdNqMzZg_pb_300x300.png,,,
Castello Di Querceto Chianti Classico Riserva,https://images.vivino.com/thumbs/5912xAThTNmPLr_KSwbdRQ_pb_300x300.png,,,
Beronia Rioja Gran Reserva,https://images.vivino.com/thumbs/egbm1040TQqkZCTQdjK0sg_pb_300x300.png,,,
Fattoria Le Pupille Morellino Di Scansano Riserva,https://images.vivino.com/thumbs/X2J9cOMmRX65Wlkjhi0NJg_pb_300x300.png,,,
Mt. Brave Cabernet Sauvignon,https://images.vivino.com/thumbs/kMFajadZTFqmVh16de-69w_pb_300x300.png,,,
Recanati Cabernet Sauvignon,https://images.vivino.com/thumbs/ep9gV2mdQPW-cID8rOuqYw_pb_300x300.png,,,
Château Du Retout Haut-Médoc,https://images.vivino.com/thumbs/FAWajTcsT5GRdKvuwpQ7Dw_pb_300x300.png,,,
Tormaresca Primitivo Salento Torcicoda,https://images.vivino.com/thumbs/SzuXju7yTWi16dbwjMs0zQ_pb_300x300.png,,,
Château De Lascaux Coteaux Du Languedoc Rouge,https://images.vivino.com/thumbs/apOWuvatRW21yicEk_2N1w_pb_300x300.png,,,
Boutari Naoussa Boutari,https://images.vivino.com/thumbs/sb_HNmGfTEmAodh7KpHMVA_pb_300x300.png,,,
Polkura Syrah,https://images.vivino.com/thumbs/pXpQB3IaSXSfYqmsq-s2sw_pb_300x300.png,,,
Château Pichon Baron Pauillac (Grand Cru Classé),https://images.vivino.com/thumbs/-VCSqTjKRqSTHfQDPvG3PA_pb_300x300.png,,,
Il Conte Villa Prandone Rosso Piceno Superiore Marinus,https://images.vivino.com/thumbs/8TMJ13WlTRSQbjoM4XhD1A_pb_300x300.png,,,
Merryvale Profile,https://images.vivino.com/thumbs/FVFZY9ShSzOMf7M3Re5neA_pb_300x300.png,,,
Paloma Merlot,https://images.vivino.com/thumbs/fPyMDBdmQeOXdDWMjWpaaQ_pb_300x300.png,,,
Uccelliera Brunello Di Montalcino,https://images.vivino.com/thumbs/0nisr0rqRxOHpJSO1c1jRA_pb_300x300.png,,,
Polkura Syrah,https://images.vivino.com/thumbs/pXpQB3IaSXSfYqmsq-s2sw_pb_300x300.png,,,
Dierberg Pinot Noir,https://images.vivino.com/thumbs/U6EKG-90Q9Sf9JuGhIfV0Q_pb_300x300.png,,,
Domenico Clerico Barolo Ciabot Mentin Ginestra,https://images.vivino.com/thumbs/lj7Yz39dQ4qjTOoTsDikFw_pb_300x300.png,,,
Marqués De Griñon Cabernet Sauvignon,https://images.vivino.com/thumbs/4-KQ-6iOSqO9nQHwQb2KPA_pb_300x300.png,,,
John Duval Plexus Red,https://images.vivino.com/thumbs/yD_ZRWZZQL6P-jU05GsxdQ_pb_300x300.png,,,
Alain Graillot Crozes-Hermitage Rouge,https://images.vivino.com/thumbs/82p0l6mcQ2i_omAFnngp_A_pb_300x300.png,,,
Château Rauzan-Ségla Margaux (Grand Cru Classé),https://images.vivino.com/thumbs/Gb2ViEV1Sy6_7YsmFM9iSw_pb_300x300.png,,,
Batasiolo Barbaresco,https://images.vivino.com/thumbs/mbJ8vm74S5yGIdLTSq2EYQ_pb_300x300.png,,,
Quinta Do Passadouro DoUro,https://images.vivino.com/thumbs/kvbLm55ATcK4kDY6bXZ7QA_pb_300x300.png,,,
Montirius Gigondas,https://images.vivino.com/thumbs/JaLXPQ-UTI2xLPyNwRxx1Q_375x500.jpg,,,
Carpineto Vino Nobile Di Montepulciano Riserva,https://images.vivino.com/thumbs/WYwjXOuATB-mQKzq0YDIlg_pb_300x300.png,,,
Altesino Brunello Di Montalcino,https://images.vivino.com/thumbs/dx89b_UNS6iTC_1JwGy80g_pb_300x300.png,,,
D'Angelo Aglianico Del Vulture,https://images.vivino.com/thumbs/f2icD-S9SsSIzAxpxBlmEw_pb_300x300.png,,,
Paul Jaboulet Aîné Hermitage La Chapelle Rouge,https://images.vivino.com/thumbs/DmWvPJLVSVu4OnSrg2h6Og_pb_300x300.png,,,
Bibbiano Chianti Classico Riserva,https://images.vivino.com/thumbs/YNj8dvj2QzODvjV0pYEeZw_pb_300x300.png,,,
Produttori Del Barbaresco Barbaresco,https://images.vivino.com/thumbs/LVmJJ4cBREabyoW9fVB1JA_pb_300x300.png,,,
Doubleback Cabernet Sauvignon,https://images.vivino.com/thumbs/0mEtV7oIRBu5jVwu4QZabg_pb_300x300.png,,,
Château Latour-Martillac Pessac-Léognan (Grand Cru Classé De Graves),https://images.vivino.com/thumbs/bPtenEgvRKmiq--Cq9rqYw_pb_300x300.png,,,
Tenuta Il Poggione Brunello Di Montalcino,https://images.vivino.com/thumbs/YdGxAwoiQA6XsyP7Rpg_Vw_pb_300x300.png,,,
Conterno Fantino Barolo Sorì Ginestra,https://images.vivino.com/thumbs/yOy9agVPRjCl6SvVyQjoIQ_pb_300x300.png,,,
Domenico Clerico Barolo Pajana,https://images.vivino.com/thumbs/Ps6aBpSYQtejiGJ5YHyfVw_pb_300x300.png,,,
Vietti Barbera D'Asti Tre Vigne,https://images.vivino.com/thumbs/oEhLsXNnSemkkutJJNCdOA_pb_300x300.png,,,
Intrinsic Cabernet Sauvignon,https://images.vivino.com/thumbs/ThqsckFVTFmTNIAkZfRkfg_pb_300x300.png,,,
Marqués De Griñon Syrah,https://images.vivino.com/thumbs/dxY4OFN6RN-PfRHzeL-4-w_pb_300x300.png,,,
Rosemount GSM,https://images.vivino.com/thumbs/ywR1ToWwSiSZVMOSNv1ICg_pb_300x300.png,,,
Paringa Shiraz,https://images.vivino.com/thumbs/8PTthlbyRZmjSksUO6Ki8Q_pb_300x300.png,,,
Benton-Lane Pinot Noir,https://images.vivino.com/thumbs/_nzo0LtVRgyYJB0ieeXxEA_pb_300x300.png,,,
The Four Graces Pinot Noir,https://images.vivino.com/thumbs/yJkK_reOR4mYLwreMiZH0A_pb_300x300.png,,,
Tamarack Cabernet Sauvignon,https://images.vivino.com/thumbs/WSvwMN3lQzWJ3-18z49qQQ_pb_300x300.png,,,
Domaine La Roquète Châteauneuf-Du-Pape,https://images.vivino.com/thumbs/c-LOhFu7Re6yl7iPlVuOJw_pb_300x300.png,,,
Freemark Abbey Cabernet Sauvignon,https://images.vivino.com/thumbs/y9AwRltRQ7uwZQtIEj_b5g_pb_300x300.png,,,